<?xml version="1.0" encoding="UTF-8"?>
<beans xmlns="http://www.springframework.org/schema/beans"
    xmlns:xsi="http://www.w3.org/2001/XMLSchema-instance" 
    xmlns:context="http://www.springframework.org/schema/context"
    xsi:schemaLocation="http://www.springframework.org/schema/beans
    http://www.springframework.org/schema/beans/spring-beans.xsd
    http://www.springframework.org/schema/context
    http://www.springframework.org/schema/context/spring-context.xsd">


	<!-- Reference of properties file -->
	<context:property-placeholder location="sender-info.properties"/>
	
	<!-- Create an instance of Fortune Service -->
	
	<bean id="fService" class="com.dell.training.spring.core.service.ProfessionalFortune">
	</bean>
    <!--
    	Decide which messaging service to create and expose
    	Bean : Container managed object  
    	id : how bean would be exposed
     -->
     <!-- 
     <bean id="msgService" class="com.dell.training.spring.core.service.EmailService">
     </bean>
      
      <bean id="msgService" class="com.dell.training.spring.core.service.EmailService">
      Provision to recieve dependency : Cosntructor based 
      	<constructor-arg ref="fService"/>
     </bean>
	-->
	
	<bean id="msgService" 
		  class="com.dell.training.spring.core.service.EmailService"
		  init-method="customInit"
		  destroy-method="customDestroy"
		  scope="prototype">
      <!-- Provision to recieve dependency : Setter -->
      	<property name="fortuneService" ref="fService"/>
      	<!-- 
      	<property name="sender" value="ceo@mail.com"/>
      	 -->
      	<property name="sender" value="${mail.sender}"/>
      	<!--  SpEL -->
     </bean>
</beans>





